time,seconds_elapsed,altitude,speedAccuracy,bearingAccuracy,latitude,altitudeAboveMeanSeaLevel,bearing,horizontalAccuracy,verticalAccuracy,longitude,speed
1764585556005611800,-108.23338818359375,3058.172607421875,0.8999999761581421,5.1642270573843625,47.059618201633896,3008.103015899658,66.4453125,3.5293869421775677,3,11.668248979300474,0.5899999737739563
1764585664320805000,0.08180517578125,3058.172607421875,0.8999999761581421,5.1642270573843625,47.059618201633896,3008.103015899658,66.4453125,3.5293869421775677,3,11.668248979300474,0.5899999737739563
1764585664964758000,0.725758056640625,3039.87353515625,0.5099999904632568,11.526833856535912,47.0600310235481,2989.803943634033,46.7578125,13.995887033724845,12,11.669327465293387,2.859999895095825
1764585666025625000,1.786625,3041.80029296875,1,17.6345290312393,47.0601624758047,2991.730701446533,50.9765625,4.190095475901119,6,11.66941714209457,2.8499999046325684
1764585667032247000,2.7932470703125,3041.0810546875,0.9700000286102295,14.422946762742622,47.060200835465345,2991.011463165283,44.296875,3.5355084925613,3,11.669446505179703,2.75
1764585668025275000,3.78627490234375,3039.787109375,0.1599999964237213,4.407308908658135,47.06021207199538,2989.717517852783,45,3.5355253304576943,3,11.669468475331483,2.680000066757202
1764585669033516000,4.79451611328125,3038.802490234375,0.12999999523162842,3.0497516082838017,47.060241620835406,2988.732898712158,21.4453125,3.53553086828501,3,11.66948901635528,2.809999942779541
1764585670000077800,5.761077880859375,3038.513916015625,0.15000000596046448,3.5385937967103147,47.06026454680921,2988.444324493408,28.125,3.5355327176625666,3,11.669507040388813,2.809999942779541
1764585671000071700,6.76107177734375,3038.890625,0.09000000357627869,2.0104988390352223,47.06029472263689,2988.821033477783,23.90625,3.535533476447056,3,11.669522884148753,2.809999942779541
1764585672000091600,7.761091552734375,3038.6533203125,0.09000000357627869,1.8065367972573594,47.06032540099009,2988.583728790283,18.984375,3.5355337505104747,3,11.669537972752984,2.9700000286102295
1764585673000081200,8.7610810546875,3038.534423828125,0.09000000357627869,1.8156706811683705,47.06035494755278,2988.464832305908,15.8203125,3.535533849863827,3,11.669556916562895,3.359999895095825
1764585674000071200,9.7610712890625,3038.009765625,0.15000000596046448,3.002117015238486,47.06038407487941,2987.940174102783,12.3046875,3.5355338856411396,3,11.669567310549416,3.2899999618530273
1764585675000089900,10.76108984375,3037.452880859375,0.12999999523162842,2.758426751266421,47.060411714395734,2987.383289337158,21.4453125,3.3238935938278464,3,11.669578674503251,3.2899999618530273
1764585676000085000,11.7610849609375,3036.986328125,0.07999999821186066,1.5938374494271692,47.0604395077708,2986.916736602783,16.5234375,3.4583263056883173,3,11.669591734730105,3.2899999618530273
1764585677000079000,12.7610791015625,3036.9863290386274,0.3080157178018657,7.586030956019505,47.06046775760263,2986.9167375164106,16.523446512179387,3.26578674990297,4.0293644381883995,11.669604037277844,3.289999961852589
1764585678000099600,13.761099609375,3036.477295909077,0.3080157146833293,7.276396813452683,47.06049753786055,2986.40770438686,17.5781349773507,3.719410721806717,4.029364438188386,11.669616686792946,3.4300000667567057
1764585679000087800,14.761087890625,3035.736085413955,0.30801571512015014,7.258974518680686,47.06053510119718,2985.6664938917384,16.87501165878626,4.186808064136833,4.029364438188301,11.66963204387696,4.170000076293053
1764585680000074200,15.76107421875,3035.0153822898865,0.3080157153085034,7.258974518680516,47.060572330602255,2984.9457907676697,14.414072497781014,4.444744809422874,4.029364438188301,11.669643281013201,4.170000076293053
1764585681000087800,16.761087890625,3034.4943861933425,0.3080157199651695,7.258974518685139,47.060616179089266,2984.4247946711257,341.0156119340471,4.585403326100973,4.029364438188301,11.669594316802142,4.170000076293053
1764585682000078300,17.761078369140623,3034.371095791459,0.30801572916526004,7.258974518682316,47.060653155787655,2984.3015042692423,326.2499731379137,4.661328577557555,4.029364438188183,11.669546442795559,5.0199999809249585
1764585683000071200,18.7610712890625,3034.221925982274,0.308015721458454,7.258974518677657,47.0607075341837,2984.1523344600573,353.3203067190907,4.7020547380477185,4.029364438188161,11.669558221468128,5.159999847410418
1764585684000088000,19.761088134765625,3033.746584234759,0.3080157218847107,7.258974518674289,47.060754219062275,2983.6769927125424,10.54688420292265,4.723821121658968,4.029364438188151,11.669584323093503,5.219999790189899
1764585685000108000,20.76110791015625,3033.532473012805,0.30801572275625033,7.2589745186831705,47.06079901461272,2983.462881490588,12.656261290383224,4.74865153019213,4.02936443818813,11.669595557909958,5.349999904630683
1764585686000127200,21.761127197265626,3032.954103874974,0.3080157230502998,7.258974518682283,47.0608520947733,2982.884512352757,1.4062512646229546,4.74865153019213,4.02936443818813,11.669582282044983,5.349999904630683
1764585687000147700,22.761147705078123,3032.580325126648,0.30801572545812755,7.258974518678948,47.0609112369149,2982.510733604431,354.37499436377544,4.74865153019222,4.029364438188024,11.669563970843235,5.969999790189031
1764585688000167000,23.7611669921875,3032.2355995131657,0.30801573022646395,7.258974518679158,47.06097600918758,2982.166007990949,350.5078015239522,4.748651530192376,4.02936443818784,11.669544439216232,6.909999847408048
1764585689000188400,24.7611884765625,3031.547611913644,0.30801573789020714,7.258974518678962,47.06104570805753,2981.478020391427,353.3203040859788,4.748651530192487,4.029364438187709,11.669534444024551,7.5100002288766206
1764585690000206600,25.76120654296875,3031.0109908171,0.30801573953272376,7.2589745186768235,47.06111626948331,2980.941399294883,358.94531116852977,4.748651530192486,4.029364438187709,11.669539927640123,7.51000022887662
1764585691000227000,26.76122705078125,3029.956304221414,0.3080157432669146,7.258974518679576,47.06119895053233,2979.8867126991972,0.35156298699084965,4.748651530192634,4.029364438187535,11.669541489593625,8.239999771111275
1764585692000246300,27.761246337890626,3028.6679750569165,0.3080157698313675,7.2589745186780785,47.0612811830046,2978.5983835346997,11.25001676170357,4.748651530192785,4.029364438187359,11.669582914867076,8.920000076285207
1764585693000266500,28.7612666015625,3027.7544008381665,0.30801586147504684,7.25897451867204,47.061356978429544,2977.6848093159497,15.1172099068938,4.7486515301927845,4.029364438187359,11.669613257109676,8.92000007628521
1764585694000285700,29.76128564453125,3026.9172420203686,0.308015845668531,7.258974518684766,47.06142870597866,2976.847650498152,345.5859171915585,4.748651530192684,4.029364438187477,11.66953420618771,8.47000026702133
1764585695000305200,30.76130517578125,3026.0708064734936,0.30801577827218557,7.258974518682162,47.06149896672361,2976.001214951277,341.71872440861483,4.748651530192684,4.029364438187478,11.669501425115644,8.47000026702133
1764585696000325600,31.76132568359375,3024.652349310927,0.30801585988709906,7.258974518663057,47.06157636331984,2974.5827577887103,7.031259868867513,4.748651530192662,4.0293644381875025,11.669561261838687,8.369999885551863
1764585697000346000,32.76134619140625,3023.6413629818708,0.30801581336513295,7.258974518680688,47.061642973783655,2973.571771459654,18.632838258618,4.748651530192662,4.029364438187503,11.669606435894249,8.369999885551866
1764585698000364300,33.7613642578125,3022.778444898315,0.5302258114789207,7.252510623948683,47.06175792510458,2972.708853376098,10.737792871427814,5.88951198253254,4.222293822374016,11.66960489848855,8.283595217247134
1764585699000384800,34.761384765625,3021.87191612646,0.5317747711064327,7.254447647291868,47.06183307709136,2971.802324604243,352.50395663600017,5.380832913393988,3.7802424153343193,11.66956756846702,8.216266039637476
1764585700000403500,35.761403564453126,3020.657507332973,0.5281427512085112,7.254123803568419,47.06190629988331,2970.5879158107564,350.1942658239975,5.874366060184901,4.09678116636747,11.6695386260998,8.334793051003464
1764585701000424400,36.76142456054688,3019.844870191999,1.1713621738165587,12.104966118618457,47.061974475340044,2969.775278669782,5.7290205040270665,7.082083548991457,4.639627543475312,11.669567017356654,7.728699119272933
1764585702000443400,37.761443359375,3019.0987038807943,1.1851049465817463,12.74187922319535,47.062041366403264,2969.0291123585775,3.2975747449357242,6.5362884778140735,4.270381972473863,11.669574362506927,7.418233954613173
1764585703000463000,38.76146313476563,3018.4094862090424,1.2786869091414295,13.558588837997844,47.06210749506642,2968.3398946868256,349.56953846364974,6.619427322954684,4.262610172904321,11.669532321439863,7.545939408982222
1764585704000483000,39.761483154296876,3017.628594605252,1.6439221420985584,17.443740372207174,47.06217421805893,2967.5590030830353,349.56952530848594,6.619427016610142,3.4215498360273844,11.669514346865183,7.545940333543608
1764585705000502800,40.76150268554687,3017.0785755906254,0.5320961571338102,7.256690344283043,47.06223394574867,2967.0089840684086,6.527853650991582,6.618631001619167,4.554304262407007,11.669566230966534,7.132133021457839
1764585706000522000,41.76152197265625,3016.6300407303497,0.5252316983474118,7.25777994231843,47.06230250163123,2966.560449208133,358.15271706097843,5.942361694712175,3.9921257962560848,11.669551744499834,7.370482570751704
1764585707000541000,42.761541015625,3015.814465722069,0.5374660000322509,7.257046650321794,47.062369067504896,2965.7448741998523,352.774411314249,6.726724374077814,4.4586009053400755,11.66953603963442,7.560800085715124
1764585708000560600,43.761560546875,3015.095714142546,0.5202721982874742,7.258159589551297,47.062434253579774,2965.0261226203293,349.3622516111121,7.261170206686347,4.7321412253477995,11.66951684577024,7.763245056419752
1764585709000579800,44.76157983398438,3014.667868167162,1.2716377248723647,12.839589645270827,47.062504723698126,2964.598276644945,346.7165369604685,6.722105377752796,3.874454761272672,11.66948410244487,7.978083554450591
1764585710000600000,45.76160009765625,3014.192935662344,1.26599955698672,12.389761581904539,47.062577612245754,2964.1233441401273,344.95016752255486,6.271731162445714,3.5759392805163954,11.669454809862449,8.244006993070991
1764585711000619500,46.76161962890625,3013.3581782672554,1.2675763191189602,12.301215451798281,47.06264590698488,2963.2885867450386,343.3174456257388,5.970790787530624,3.3868177652933924,11.66942363536538,8.309523654831134
1764585712000638500,47.761638427734376,3012.7729589175433,1.2670605430473545,12.072113396874249,47.06271992655832,2962.7033673953265,341.9342033469046,5.733699666386418,3.149930130334568,11.669385566392158,8.459536962054635
1764585713000658400,48.761658447265624,3012.313348428346,1.1625133457302157,10.954327342453134,47.06279129080533,2962.2437569061294,339.2468246113669,5.733699551282558,3.216131843921804,11.669340432032095,8.557364752305201
1764585714000678100,49.76167822265625,3011.992160510272,1.1569249758014204,10.837243054863556,47.06285920313456,2961.922568988055,334.83970857355564,5.7336995875316425,3.1477958466577713,11.66928520375383,8.619075884793485
1764585715000697900,50.76169775390625,3011.6764186797664,1.2699219814484912,11.857383839337825,47.06292754075365,2961.6068271575496,330.4557099611234,6.539121324856638,3.301419856484417,11.669222772895617,8.64400874303393
1764585716000717000,51.76171704101562,3011.418138339184,1.269283567922828,11.884137075970903,47.062986150277744,2961.3485468169674,326.4464724874146,6.120642031951451,3.070446909425464,11.669149939298189,8.624674951683222
1764585717000736500,52.761736572265626,3011.0606406014413,1.1573014825922574,10.801245300418879,47.063045774921996,2960.9910490792245,323.2939163095228,7.816215098813152,4.094183810268771,11.669076719130937,8.654047075467862
1764585718000757000,53.76175708007813,3010.585384520702,1.6349805710579877,15.260763131526502,47.06310815368407,2960.5157929984853,323.29386648981927,7.816215116512051,3.0694509103399,11.66900866038654,8.654047720141099
1764585719000775700,54.76177563476563,3010.297103426419,1.1609246550310615,12.377009348099,47.063172680506824,2960.2275119042024,338.5431882810621,6.258312897613325,3.364187864337246,11.668998864218475,7.581636291073122
1764585720000795000,55.761794921875,3009.8930884161964,1.1558969441100884,13.099109768624725,47.06323026976613,2959.8234968939796,342.39041144638037,5.937977855844561,3.137962917161848,11.668978877829437,7.131174679243503
1764585721000815000,56.76181518554687,3009.738022749312,1.1599786448092875,14.864239894392504,47.063260758464736,2959.6684312270954,319.15013444316173,5.937977974472528,3.1518885849949836,11.668906875770826,6.3069203009876
1764585722000834600,57.76183447265625,3009.276077186689,1.1564000643300636,15.129168954218374,47.06328142781758,2959.206485664472,304.26017833616305,5.685013535873,3,11.668827051898031,6.1718968349224195
1764585723000853500,58.761853515625,3008.846888844855,1.159206974705667,14.703469180661067,47.063309666801686,2958.7772973226383,302.2450423833276,5.457420410916716,3,11.668755976046484,6.351505120810521
1764585724000873200,59.761873291015625,3008.0102094598114,1.2654663571546538,15.321125679221714,47.06333944046205,2957.9406179375947,303.75083616651733,6.081339634946064,3.0600762896047047,11.668678774540444,6.6322638181881475
1764585725000893200,60.76189306640625,3007.50932869222,1.2720492884324273,16.57668076977538,47.06338442802255,2957.4397371700034,317.81563285180164,6.157647817800643,3.1501404727785682,11.668636072461451,6.1508730233825215
1764585726000912400,61.761912353515626,3007.3057988192886,1.160613906856401,17.136681877481493,47.063434297690414,2957.236207297072,333.7682805991827,7.649029423597767,3.9917787422191657,11.668617354326189,5.453767194025733
1764585727000931800,62.76193188476562,3007.06819235906,1.1721926365573785,17.884906155339454,47.06348426406493,2956.9986008368433,343.0297111677676,7.328462361463324,3.8940120542431074,11.668608987955158,5.282952581608174
1764585728000951000,63.761950927734375,3006.714123720303,1.2662902505954599,19.4899760897207,47.06353087841139,2956.6445321980864,343.6196601665422,7.2735649703236875,3.756623593366873,11.668595755372895,5.242342883936918
1764585729000971000,64.76197094726562,3006.1197538003325,1.1594388806437952,17.81147540229067,47.063569062767094,2956.0501622781157,326.5917914864599,7.126835934536494,3.91882254501868,11.668545105944322,5.236726263002319
1764585730000991000,65.76199096679687,3005.6806525327265,1.1568516078713538,17.80855688674402,47.063582820400605,2955.6110610105097,301.3863426889319,6.955319930739564,3.809971385033119,11.668473703919256,5.221522280550784
1764585731001010400,66.76201049804688,3005.163702754304,1.159565447905386,16.70215919475271,47.063597355986055,2955.094111232087,295.9671089706684,6.839555776074085,3.7538572847995044,11.668400866028463,5.587554745382149
1764585732001029400,67.762029296875,3004.8608297985047,1.1580843228049449,17.677629662751592,47.06364422469189,2954.791238276288,317.7931571392968,6.839555622380297,3.731027213117283,11.668370138079199,5.271175927696004
1764585733001049000,68.76204907226563,3004.541076174006,1.1631610029658055,18.15940201786774,47.06369613802124,2954.471484651789,333.77929569702354,6.839555509426468,3.79015229549062,11.668354378181066,5.1497815623142005
1764585734001068000,69.76206811523437,3004.1870814645663,1.1625850158785744,16.853509007197648,47.06374196943811,2954.1174899423495,333.76771984292236,5.338049388008197,3,11.66832270926716,5.553005785623706
1764585735001088300,70.76208813476562,3003.7038961425424,1.1611004190332852,15.549223064751434,47.063790803535,2953.6343046203256,330.21904520700923,5.338049347383172,3,11.668277029325216,6.003907370656263
1764585736001107200,71.76210717773438,3002.9776340862736,1.267895685090267,15.565217716197282,47.06384026742112,2952.908042564057,328.06611881662536,4.8690935328305756,3,11.668226251430767,6.533122467502082
1764585737001127400,72.76212744140625,3002.198576575145,1.161032833954351,12.90460727699563,47.06389494897655,2952.1289850529283,327.0545203777906,4.869093411588361,3,11.668166134820622,7.202098276089183
1764585738001146400,73.762146484375,3000.9331457195804,1.269627116466854,12.82572892944653,47.06395492974203,2950.8635541973636,326.7397343819787,4.86909347078952,3,11.668103105035103,7.893581950406648
1764585739001165300,74.76216528320313,2999.785869062878,1.2707409980837476,11.96312502419775,47.06403563459699,2949.7162775406614,332.64091105345165,6.3522266679110295,3.411025869204743,11.66806018108188,8.460714347449533
1764585740001185800,75.76218579101563,2998.6341334488243,1.2703867635990695,11.773245655426168,47.06412464705568,2948.5645419266075,344.91256677831655,4.1761131459280145,3,11.668048323726653,8.597214854034736
1764585741001205000,76.762205078125,2997.120280704461,1.2678717728151871,11.684096874835877,47.0642060333614,2947.0506891822442,346.85957806110105,3.2857562935979985,3,11.668024486451284,8.62434282253314
1764585742001224400,77.76222436523437,2995.955913431011,1.2662435337638243,12.173843589258029,47.06425791314753,2945.8863219087943,321.57999533564663,2.764677818754088,3,11.667920944285344,8.26411632365215
1764585743001244700,78.76224462890625,2994.0849920278415,1.2681227499115397,11.743977327819808,47.06429607169476,2944.0154005056247,309.7023363316581,2.929773519131686,3,11.66781543164621,8.50931658443746
1764585744001263000,79.76226318359375,2992.2311341157183,1.2672495502540329,11.600169475327668,47.06437649616917,2942.1615425935015,328.7263225816377,2.745109073547559,3,11.667776714148898,8.525146875595595
1764585745001282300,80.7622822265625,2990.9847577288747,1.2697359832141717,12.120585573943414,47.0644574065799,2940.915166206658,347.5956360694602,2.491393993174413,3,11.667782312459138,8.236203980443651
1764585746001303300,81.76230322265624,2989.1880035214126,1.2675459960973936,11.97278660340409,47.064521336413726,2939.118411999196,330.6903586694475,2.4351689893853923,3,11.667712988206198,8.236151110486762
1764585747001321700,82.76232177734374,2987.363993752748,1.2691220983937317,11.62862038544571,47.064557325947455,2937.294402230531,310.52068479296116,2.740922302699881,3,11.667603645050937,8.498483691711872
1764585748001341700,83.762341796875,2985.9396052220836,1.2708266112997193,11.508540510400133,47.06463472936662,2935.870013699867,328.72171197181353,2.4891709359565364,3,11.667560699255496,8.636512316242504
1764585749001361400,84.762361328125,2984.288344074972,1.279327142000614,12.614701368635236,47.06471007609826,2934.218752552755,351.1223572209802,2.4981423467243378,3,11.667575719088916,7.858782682088355
1764585750001379800,85.7623798828125,2982.2358698016033,1.2688993611642323,12.14731808619816,47.06478394574311,2932.1662782793865,351.74048577735726,2.4585189157496643,3,11.667569463177829,8.051264065452465
1764585751001400600,86.76240063476563,2980.5788092017174,1.2682574737265713,13.616594936874666,47.06481459417451,2930.5092176795006,319.67047720497123,2.330298076200264,3,11.667480384150993,7.121596673386079
1764585752001420000,87.762419921875,2978.880981458351,1.2694253961719644,14.030901239190795,47.06484953740785,2928.811389936134,312.4735140490319,2.3854519128089198,3,11.667402385756088,6.903474076106255
1764585753001439000,88.76243896484375,2977.2673496771604,1.2771836213115497,14.600711094398543,47.06491935021071,2927.1977581549436,345.8324373517285,2.3092574712962315,3,11.667413668979112,6.651840842800635
1764585754001458700,89.76245874023438,2975.578283513896,1.2719750217284913,13.444248268266158,47.06499127425037,2925.5086919916794,1.2813149661174887,2.241199580077693,3,11.6674367356868,7.2758231202062795
1764585755001477600,90.7624775390625,2973.962276402861,1.2658275787940456,13.083033819218493,47.0650502053596,2923.892684880644,332.84314320428666,2.306233371823634,3,11.66736121408731,7.475813135521659
1764585756001497300,91.76249731445313,2972.231284234673,1.0349231724477592,9.919824939612793,47.06510022099111,2922.161692712456,317.9160734388252,2.216857275587377,3,11.667264472881033,8.10858583027031
1764585757001517300,92.76251733398438,2970.564580517821,1.2761501046925305,12.46048956511252,47.065180718864305,2920.494988995604,341.77222136854465,2.14600690776344,3,11.667258283749254,7.948694559088868
1764585758001535500,93.76253540039062,2968.88765687868,1.2687349192736657,12.46448656143119,47.065254053799066,2918.818065356463,358.2885545523971,2.1001473577848895,3,11.667280955586834,7.930801493823861
1764585759001555500,94.76255541992188,2967.225120040588,1.1679509224365583,10.988548407564448,47.06531777757817,2917.1555285183713,335.27643982304295,2.0710507595768197,3,11.667207884366691,8.278773600131844
1764585760001575000,95.76257495117187,2965.6888926289976,1.2687611260787077,11.644665961453233,47.065362967006706,2915.6193011067808,318.4288350697272,2.0478344418851875,3,11.667108707533506,8.50969680050799
1764585761001595400,96.76259545898438,2963.858154753223,1.2825585486883813,11.563799294868717,47.06544562897803,2913.7885632310063,335.48106099734986,2.0307184276942456,3,11.667074322196388,8.61063472113457
1764585762001615000,97.76261499023437,2962.6689789984375,1.2737157620875086,12.22087173618797,47.06552694032529,2912.5993874762207,0.6195350766526168,2.0200535157197512,3,11.66711667469819,8.168330868330267
1764585763001633800,98.7626337890625,2960.9343046816066,1.268739791338358,11.286965445292314,47.065606897733524,2910.86471315939,357.1377042611615,3.703738190315074,3,11.667112851246733,8.814797905174629
1764585764001653200,99.7626533203125,2959.774667334743,0.9034344938707635,7.821889454740834,47.06566618006638,2909.705075812526,328.90520137640084,5.439273599238419,5.035366040734533,11.667003273518807,9.113111781194625
1764585765001673000,100.7626728515625,2957.9712814865634,0.9142725064941575,7.77240249846254,47.06573861125362,2907.9016899643466,331.32649744712046,6.788881864214338,6.30946561302826,11.666943870026309,9.156998413432694
1764585766001692400,101.7626923828125,2957.0495689874515,0.914407830367817,8.73657549017416,47.06581498433219,2906.9799774652347,356.0486963396572,6.200775140191242,5.740290316375373,11.666975304500498,8.189635876021574
1764585767001711400,102.76271142578125,2956.4694008985534,0.9063444738816259,8.903787377811305,47.06588524673677,2906.3998093763366,11.759110834398737,6.013341105250077,5.555652984160451,11.667026177158826,8.082120230428966
1764585768001731600,103.76273168945312,2955.6067122686654,0.903632818994157,9.201212091316167,47.06595355206367,2905.5371207464486,351.4671090156422,6.433952904842199,5.9386065835999045,11.666985121117705,7.790428751478273
1764585769001750800,104.76275073242188,2954.3464316818863,0.9110585099014101,8.810023277828314,47.06601713194856,2904.2768401596695,336.4355919912534,6.434911306891405,5.966565573204892,11.666916010495843,8.124273140309718
1764585770001770000,105.76277001953125,2952.7645594719797,0.9121836770502255,9.327672183241555,47.0660863151294,2902.694967949763,355.38574850241434,5.544562939889645,5.138337449040258,11.666932081599423,7.563470637378199
1764585771001790000,106.7627900390625,2951.889663747512,0.9110801594540363,9.020061251219882,47.06615863373292,2901.820072225295,11.708171453173616,5.313542115413514,4.843750443829508,11.666978921041702,7.891758084629506
1764585772001809200,107.76280908203125,2950.0225431416184,0.9445711181955617,8.878347580714955,47.06623449002845,2899.9529516194016,356.8933698509133,6.259187034443694,5.687195476838387,11.666956407957224,8.074238196592376
1764585773001828600,108.76282861328124,2949.372657285072,0.9090761236359228,8.934440144370509,47.0662921274112,2899.303065762855,332.96055812752616,6.339229390438878,5.782158427429259,11.666873637420238,8.008466019910172
1764585774001848300,109.76284838867187,2947.7372918268666,0.9137691834980656,9.002776815715958,47.066349504019904,2897.6677003046498,330.24426456554636,6.7262783840639715,6.19826231525715,11.666814892290837,7.841565471291487
1764585775001867800,110.76286767578125,2946.20804138761,0.916104071619954,10.964425835481963,47.06640391891003,2896.1384498653933,355.7277930272915,6.404946478701258,5.93878787471477,11.66684349231283,6.321580136646654
1764585776001886500,111.76288647460937,2946.4251466412097,0.9008557659807175,13.402587302580404,47.06644191385043,2896.355555118993,17.228251552434863,5.847447169931995,5.356709542032082,11.666887845559883,5.373107759265787
1764585777001906400,112.76290649414062,2945.965604959056,0.9035235993883914,14.082589272004178,47.06647442976978,2895.896013436839,32.03228209808246,5.626679652135124,5.1496845437546,11.666938301848003,5.1193714493616245
1764585778001925400,113.76292529296875,2944.982960958034,0.923279024150078,13.968624902550921,47.066521635267826,2894.913369435817,20.89361237969506,5.1516065750520585,4.711541814310634,11.666953198703721,5.187888637855439
1764585779001945900,114.76294580078125,2944.512570234947,0.940321932134206,14.517419724527297,47.06656974684249,2894.44297871273,6.191500056577847,4.869156011651468,4.4756570002927525,11.666945725516957,5.104631464637493
1764585780001965000,115.76296508789062,2943.7694842228666,0.957913797609567,15.764492073622698,47.066608511366205,2893.69989270065,3.426035890585992,4.8691559194374525,4.339934643969113,11.666945760093872,4.796834108115884
1764585781001985500,116.76298559570313,2942.941218272783,0.9574160704264307,20.418333158726973,47.06662914947679,2892.871626750566,2.9554713539951085,4.2048303936944755,3.88592807000929,11.666946138867244,3.6392519762993554
1764585782002004500,117.76300439453125,2941.9669330324978,0.9429655515790029,22.157248096952074,47.06665474393795,2891.897341510281,1.0233470052359401,3.963754042536452,3.6688423169020945,11.666945003088856,3.234723988677779
1764585783002024400,118.7630244140625,2941.303191394545,0.9315550553299429,22.56862167031623,47.06668188982666,2891.2335998723283,357.945371215762,3.899555474246238,3.680030585611633,11.666942172385276,3.1749677494888853
1764585784002043100,119.76304321289062,2940.8591499039903,0.916423226768749,21.77086982700059,47.066710326199114,2890.7895583817735,357.2371609474564,4.731379847766679,4.545926593102136,11.66694005883086,3.2321151518279607
1764585785002062600,120.7630625,2940.29984117765,0.9428289833886575,20.701368395393615,47.06674338681006,2890.230249655433,354.56557760045223,5.008702563109076,4.714125374175451,11.666934753249647,3.481252400521643
1764585786002081800,121.76308178710937,2939.770612601191,0.9206853648473459,19.03256892529888,47.066778829918114,2889.701021078974,352.1741929599269,5.163820970504461,4.925171289997434,11.66692745984187,3.7304731497544825
1764585787002114300,122.7631142578125,2938.9859213288873,0.9255009271152314,17.05727525372148,47.06681863129622,2888.9163298066705,349.43844296373766,5.373831232896061,5.223780106691178,11.666914456861864,4.10648859839388
1764585788002120400,123.76312036132812,2940.03125,0.3199999928474426,4.154753272586804,47.06683554225328,2889.961658477783,350.859375,3.5355339059327373,3,11.66692558677091,5.050000190734863
1764585789002140000,124.76313989257812,2936.990913379006,0.9980864034452349,16.61909927011492,47.06689944167492,2886.9213218567893,348.477767214403,5.638278061005004,5.118587480425506,11.666889559244629,4.5416058026775685
1764585790002159600,125.76315966796875,2930.002989832312,0.9507781982368574,-1,47.066894935806125,2879.933398310095,-1,5.846647333204113,5.510349027278039,11.666927863439547,4.934676498514745
1764585791002178600,126.76317846679687,2921.4269574750215,1.065330925312938,7.023527773522398,47.06685363660044,2871.3573659528047,128.8361028581806,6.141121259144232,5.505652352925412,11.666990882496158,4.531011004742597
1764585792002198800,127.76319873046874,2931.531743628904,0.5411372226417656,7.238403705633249,47.06707820881606,2881.4621521066874,4.569881793171685,6.534950782574196,4.612927106254217,11.666909133231362,7.223628053076849
1764585793002218200,128.76321826171875,2929.997505320236,0.5536337138459951,7.235798467192516,47.067132951990736,2879.9279137980193,26.965446441785026,6.40279266214131,4.588622247866776,11.666981961722728,7.2140178129615276
1764585794002237700,129.76323779296874,2929.3659974625334,0.5164690469728512,7.24803836738543,47.06717497116165,2879.2964059403166,42.43261635846338,5.756884053050263,4.157222062431821,11.667066466735077,7.220229567260329
1764585795002257400,130.76325732421876,2928.1798858977854,0.5303415310386207,7.250484953190779,47.0672372841776,2878.1102943755686,35.996300785120184,5.773699650807665,4.113541323561989,11.667126456100489,7.745465437802436
1764585796000184600,131.7611845703125,2926.5165949845687,0.531903527575343,7.247996447083787,47.06730117601437,2876.447003462352,2.8087504726897445,5.738185484846939,4.034844420213063,11.667093882088565,7.325221369690873
1764585797000181800,132.761181640625,2929.5629937332124,0.3080157697931795,7.25897451868169,47.06734782206433,2879.4934022109956,325.5468298173369,6.074930260349543,5.154749258791937,11.667001924790284,8.289999961846027
1764585798000198700,133.76119873046875,2923.4476223485544,0.534509261289666,7.2404461401969975,47.06743332343161,2873.3780308263376,353.8780245444497,6.332247818367366,4.394270061896597,11.667018456674086,7.747855345393226
1764585799000196000,134.7611960449219,2922.3549490720034,0.5375475334300329,7.243255736903379,47.067488904924055,2872.2853575497866,23.95831037596519,6.43518934008523,4.468285925912095,11.667101895584864,7.414143516900633
1764585800000192000,135.76119189453124,2920.362918233499,0.5313122767539751,7.242676922026698,47.067561710526036,2870.293326711282,21.163720837446338,6.2391769946538576,4.293647519647981,11.667142975327986,8.086718998711536
1764585801000208000,136.76120776367188,2919.2349879061803,1.2723713835809087,12.875109602783924,47.06763248303211,2869.1653963839635,350.72375051628427,6.273932092143703,3.8183061956097153,11.667088420357942,7.742235998819473
1764585802000199000,137.76119897460939,2917.877633099444,1.2683367473572633,12.576051604866315,47.067692566707706,2867.8080415772274,336.65000659851125,6.499764286992159,3.923904599544222,11.667022288177186,7.918522209630882
1764585803000195000,138.76119506835937,2916.544905326329,1.2940780101763885,12.910500653569965,47.06776778501206,2866.4753138041124,1.738051947418523,5.976026188549739,3.520402914751462,11.667053977409386,7.830694250315025
1764585804000208400,139.76120849609376,2915.201252409257,1.2849559435392033,13.459118379835147,47.067819661729565,2865.13166088704,27.510102258352443,5.534718214909065,3.305231921686436,11.667136632026262,7.465168163369146
1764585805000201200,140.761201171875,2914.057263678871,1.2820728753307795,13.251701539109922,47.067863914490864,2863.9876721566543,43.232277614567494,5.503486975600532,3.326061697734125,11.66722883331625,7.61370833972041
1764585806000192800,141.76119287109375,2911.959992274642,1.2866845836606315,13.41303012795008,47.067915489216034,2861.890400752425,39.68699951034221,6.184933471414916,3.795694671487544,11.667290102773686,7.438951776617383
1764585807000206000,142.7612060546875,2910.530388697982,1.2919712122732478,15.259282370744398,47.06797775387174,2860.460797175765,0.4085007814060841,6.161938629319077,3.8975574809856277,11.667243670734575,6.492543023946174
1764585808000195600,143.76119555664062,2908.8460051249713,1.302445387535544,14.499423220000937,47.06803433421494,2858.7764136027545,339.14278589123967,6.3234387559276914,4.149317274359223,11.66717795269206,6.872179980294615
1764585809000190000,144.76118994140626,2907.1143007343635,1.2859423309289235,12.885307336868781,47.06810888406521,2857.0447092121467,357.1477191898185,6.151730552798165,4.104734298797123,11.667190624696174,7.69472626640031
1764585810000204800,145.76120483398438,2905.4028094895184,0.5507072709313917,7.228202322525327,47.06816646437317,2855.3332179673016,22.328033837907775,6.051490495983662,4.330308496527023,11.667263054402422,7.428436467440393
1764585811000219000,146.76121899414062,2908.487797957845,0.30801576615464227,7.258974518679164,47.06818038175215,2858.4182064356282,52.73443580341135,6.051492629096332,5.1348617691992295,11.667404845442253,7.929999828332507
1764585812000232200,147.76123217773437,2906.9455606546253,0.3080157844488538,7.258974518683016,47.06823214161392,2856.8759691324085,43.59379716824169,6.0514926290961295,5.134861769199469,11.667446404358301,7.0999999046281745
1764585813000246500,148.76124658203125,2905.1228067548946,0.36000001831805156,7.258974518679477,47.06831221255798,2855.0532152326778,352.96874162643496,6.051492629096133,5.134861769199467,11.667378088407508,7.099999904628162
1764585814000262000,149.76126196289061,2903.0786190256476,0.30801573121043907,7.2589745186796115,47.068387423948096,2853.009027503431,338.906220492014,6.051492629096492,5.134861769199042,11.667325166775656,8.510000228874254
1764585815000275700,150.76127563476564,2899.769525233656,0.9621676795044939,9.667538960635468,47.068462836631106,2849.6999337114394,19.713142711276912,5.1876869381917015,4.822420880586793,11.667403169765777,7.118658898662988
1764585816000291300,151.7612912597656,2898.9181654620916,0.9202815791050121,9.552948384069552,47.06850908162361,2848.8485739398748,38.82716547400221,6.397947661461662,5.9504887767998715,11.667490742980679,7.347818108639692
1764585817000306700,152.761306640625,2896.299392824061,0.9570153034670164,9.432201568038302,47.068574587432096,2846.2298013018444,23.35668411508352,6.843869931413318,6.33056070433089,11.667517015083492,7.330959181766632
1764585818000323300,153.7613232421875,2893.985169250518,0.9312279039201006,8.684687186232825,47.068651137413596,2843.9155777283013,351.7494523025674,6.75277938876883,6.39714075900977,11.667460208103718,7.7518095518929515
1764585819000338200,154.76133813476562,2891.077195555903,0.9884747799830571,8.121274206162669,47.068732889156635,2841.007604033686,355.1832810388036,6.575992799523486,6.10962789190951,11.667447305329212,8.520176589775932
1764585820000354800,155.76135473632812,2889.403570859693,0.9276419173607184,8.035266306458476,47.068802992577666,2839.333979337476,22.44464830616523,6.210138163063122,5.885143327848656,11.667533031182845,8.554717006810757
1764585821000371000,156.76137084960936,2888.0182844772935,0.9308055719447456,8.13765004845044,47.06885768161549,2837.9486929550767,36.768334224661466,5.793806285464543,5.428520134945387,11.667625314345646,8.66880592103042
1764585822000387300,157.76138720703125,2885.8389122169465,0.9240491295018307,8.082694791949091,47.06893867297993,2835.7693206947297,19.023550563041127,6.345550974906318,6.10888287325738,11.667641397082432,8.53791017116866
1764585823000403500,158.76140356445313,2883.4484725054353,0.9589499639707157,8.078504696146434,47.06901877505126,2833.3788809832186,350.72433848433207,6.9790308352929555,6.6866589299584955,11.667577772991184,8.654823248378571
1764585824000420000,159.76142016601563,2880.5890084691346,0.9348406022575382,7.508235349095887,47.06910207328525,2830.5194169469178,351.8537958174676,7.122088294133111,6.897849523047001,11.667555191004135,9.185193666750434
1764585825000437200,160.76143725585936,2878.751167216338,0.9309538510322418,7.770682914716278,47.0691781009939,2828.6815756941214,14.163671002624444,6.505243449247663,6.208572436478239,11.667622256590661,8.977761185934236
1764585826000454400,161.76145434570313,2877.9754687752575,0.9649139665495821,8.216646609379065,47.06923917056412,2827.9058772530407,32.23282623703327,6.2719906764575,5.751738839153931,11.667720763170054,9.104112724855074
1764585827000470500,162.76147045898438,2875.4133838592097,0.9646523374245317,8.06045214633885,47.069322022926436,2825.343792336993,16.22210684359015,7.559626175300844,7.147345928426925,11.667735343736567,8.896086434059397
1764585828000489200,163.7614892578125,2874.152219402604,0.9748544951527888,7.958287894003478,47.06940931436163,2824.082627880387,347.7000630722543,8.007089327084774,7.580413571188501,11.667659514122562,9.255947699987093
1764585829000505900,164.761505859375,2870.997211733833,0.9708130217844512,7.531416654159945,47.069494185154504,2820.927620211616,352.7035235180008,7.219124439774966,6.8969386480849355,11.667643955242808,9.421259820356422
1764585830000523000,165.76152294921874,2869.6107833702117,0.9770023392552379,8.211693804013569,47.06956355146454,2819.541191847995,18.913788301698148,8.363325800877492,7.931240089475936,11.667726093215585,8.936116164282595
1764585831000541000,166.761541015625,2868.26004146412,0.9258786896452211,7.711618607743557,47.06963757117561,2818.1904499419034,25.44426667421217,6.942065475254984,6.829686272354405,11.667797879422656,9.250494874865167
1764585832000557800,167.76155786132813,2866.291598472744,0.9560497429408855,8.084311704642678,47.0697220872724,2816.2220069505274,0.7272835405897252,6.467900254554189,6.251805606878719,11.667763304452762,8.85645973864678
1764585833000605700,168.76160571289063,2863.4084652969614,0.9588525135070121,7.650235906737766,47.06979322437318,2813.3388737747446,338.31252935235943,6.466574303935577,6.286249923897418,11.66767655062625,9.065853698321234
1764585834000594200,169.76159423828125,2861.8654781151563,0.9320483188474441,7.610002448206478,47.06988322066963,2811.7958865929395,356.74130632482735,6.535345336216305,6.409247897624253,11.667694882704028,9.242823212067979
1764585835000612400,170.7616123046875,2860.7282959893346,0.9167480474272642,7.7041657679347155,47.0699551629548,2810.658704467118,22.199517550565933,6.124056238795481,5.841900275457867,11.667784892173717,9.28888004094216
1764585836000629000,171.76162890625,2859.4315529000014,0.9146113401656798,7.596044701457552,47.07001847266101,2809.3619613777846,33.387652104198715,5.989861187793689,5.707830253040839,11.667878036800206,9.412430719155067
1764585837000648000,172.76164794921874,2857.7773489085957,0.9163469628033922,7.716954759066983,47.070108913463756,2807.707757386379,8.57483750997732,5.978559581595784,5.73907314799807,11.667861338306047,9.222670511477752
1764585838000666400,173.76166625976563,2855.4973992621526,0.9225061697650409,7.387245553358191,47.07019129333223,2805.427807739936,349.3246543032901,6.112668934448302,5.782095235094512,11.667799509442496,9.581862451659912
1764585839000683500,174.76168359375,2854.2075338326395,0.9223575530579047,7.601086279388731,47.07027601192762,2804.1379423104227,6.673711237792617,6.249312241698117,5.9750757409012305,11.667839021570979,9.38470396277794
1764585840000702200,175.7617021484375,2853.4195141615346,0.9052197663300685,7.73186710729718,47.07033717132826,2803.349922639318,30.862404184870446,6.4404245943412555,6.060947250606631,11.667941266056078,9.242702416405423
1764585841000720100,176.76172021484376,2851.8485130658373,0.9600375557796083,8.029062191356,47.0704131139219,2801.7789215436205,25.97886613575052,6.905327055704601,6.165592241054122,11.667995603651503,9.278124931176082
1764585842000738300,177.76173828125,2850.472933076322,0.9569983918909093,8.20947930058122,47.07049916590581,2800.4033415541053,357.35964859141797,6.9345620819478855,6.3994190542507114,11.667941780394994,8.977966703525052
1764585843000757000,178.76175708007813,2848.651593389921,0.9368352628526432,7.792891857472675,47.070582652900974,2798.582001867704,353.9803561821699,6.464304047456024,6.071993051454263,11.667915288329306,9.263427071360425
1764585844000774400,179.7617744140625,2847.0382733177394,0.9303467007021997,8.180139728143015,47.070648806060866,2796.9686817955226,19.029421991292907,5.711503601284081,5.341194648109738,11.667992478604624,8.754722745982548
1764585845000793300,180.76179345703125,2845.0486942492425,0.9209679402407916,7.578973785051713,47.07071494107673,2794.9791027270257,32.453240949417996,5.7544091622042455,5.448418670653177,11.66808678710684,9.297494123545299
1764585846000812000,181.76181201171875,2843.015560847707,0.9219646027525088,7.793689935320792,47.070800097738356,2792.9459693254903,12.067185624469037,6.4673918352206226,6.0666725317262244,11.668082583392922,9.010686766334429
1764585847000830700,182.76183081054688,2841.817530131899,0.9228435481209983,7.977498654179682,47.070879407749175,2791.747938609682,352.02119105383264,6.3868626478552075,5.944797579742872,11.668029267647157,8.950416102046233
1764585848000849000,183.76184887695314,2839.608210530132,0.9202715010619309,7.92779346656604,47.07095641911492,2789.5386190079153,4.698468397061781,6.532757373313167,6.097662871711131,11.668054166845675,8.85180839784619
1764585849000866800,184.76186669921876,2838.183326610364,0.9240322602014558,8.514296877813132,47.071008021398285,2788.113735088147,32.02743216348996,6.115262916218002,5.621876031045692,11.668151159137771,8.338462582079863
1764585850000886000,185.76188598632814,2836.4014491979033,0.9201248334270581,8.290486614495025,47.07105000615103,2786.3318576756865,45.97988815080737,6.403985654556662,6.007042483661881,11.668253981996783,8.480742051763187
1764585851000904700,186.76190478515625,2834.061417455785,0.9408341237143513,8.747514068513853,47.07112796344484,2783.991825933568,20.877770220777926,6.547354788192683,6.080203369494613,11.66826111118685,7.978270431331443
1764585852000923100,187.76192309570314,2833.5517481220886,0.9227665615774356,8.98485592125306,47.071202699096936,2783.482156599872,352.7738633270128,6.215476247231441,5.849304727301458,11.66820320981209,8.001417575883647
1764585853000940800,188.76194091796876,2831.657077743672,0.9345411011449257,8.405496579426412,47.07128220702525,2781.587486221455,359.7928986838362,6.9813360006246965,6.500849829527495,11.668207532979624,8.559681779285075
1764585854000960500,189.76196044921875,2830.1824168637395,0.9204000753190026,7.8192712145425345,47.071359005810244,2780.1128253415227,20.869554440130432,6.942238345737696,6.4381127302134376,11.668285532899194,9.106036236975482
1764585855000978400,190.761978515625,2829.2638391759247,0.9171935038558557,7.7496979741432765,47.071423481009624,2779.194247653708,32.92950480817138,6.4021380870544915,5.855241242756507,11.668374098444469,9.318270802921063
1764585856000998000,191.76199780273438,2830.162517944351,0.9010624052278658,9.224822761625969,47.0714901759398,2780.092926422134,18.938106173271017,6.539316963836722,6.127880245688325,11.668385884033565,7.914374346345905
1764585857001016000,192.76201611328125,2830.695493686013,0.9035697826748331,12.439417807748638,47.07152915333489,2780.625902163796,356.39068056266854,6.7467077712921375,6.2697976098813495,11.66834648866415,5.8844305749293895
1764585858001035300,193.76203515625,2828.5008832393214,0.9275040512780707,11.50488591181994,47.071585237503356,2778.4312917171046,358.13729752198554,6.248780476303749,5.755283953034375,11.6683434812323,6.199314694148205
1764585859001053400,194.76205346679689,2827.06046821177,0.9277672137987468,9.883292760268914,47.07165650584134,2776.9908766895533,5.894823971002605,6.150623564633361,5.651181858753612,11.668362637491684,7.226412198739635
1764585860001072400,195.762072265625,2827.515661288053,0.9004652528287873,9.9772320405537,47.07171968231862,2777.446069765836,16.884840772959464,5.874414238840851,5.356228857403981,11.668404528124954,7.292335167788848
1764585861001091300,196.76209130859374,2828.6695287041366,0.8994319005851374,11.552506358937558,47.071756431147755,2778.59993718192,30.70733178953266,5.559719592390076,5.074578989378404,11.668460122543488,6.2637011487498375
1764585862001109500,197.76210961914063,2828.029719932005,0.8981462884907815,13.115985495105255,47.07178947720701,2777.960128409788,33.516566570298465,5.718008744841796,5.208500043968933,11.66850034742356,5.5475097992196005
1764585863001129000,198.76212890625,2827.646942060441,0.9173439523188393,13.248775040486573,47.071838545184704,2777.577350538224,24.517713576708843,5.965734726894883,5.37898386966626,11.668522339212037,5.575800055266359
1764585864001147600,199.76214770507812,2826.6061359904706,0.9056967928288743,12.264585597131585,47.07189220414436,2776.536544468254,16.909961861712926,5.903770026624298,5.4156445714558945,11.668536887607948,5.88580484274041
1764585865001166300,200.76216625976562,2825.5166748827323,0.9051633112282581,11.023995467383257,47.07195282478165,2775.4470833605155,13.96594064530102,6.268472512377493,5.782811841818205,11.668555275227428,6.5069477802626565
1764585866001185000,201.76218505859376,2824.0486403284594,0.9089637679181052,10.471720003071164,47.07201095360742,2773.9790488062426,16.407710043775953,6.35146794476515,5.848707057087577,11.668584671259165,6.784408559296227
1764585867001203700,202.76220361328126,2822.516987142153,0.9391108279014967,10.518355601578811,47.07207216696609,2772.4473956199363,12.097909197450056,6.6330812492831965,5.944894641538952,11.668602005990754,6.854769830815668
1764585868001222400,203.76222241210937,2821.9714963799343,0.9146385069666358,12.051259042446159,47.072118051521876,2771.9019048577175,346.3068573087297,6.800990008160379,6.293630293294176,11.668552556445935,6.009265455436715
1764585869001241900,204.76224194335938,2820.6276608482003,0.9104097298607825,12.546011171214033,47.07215274031999,2770.5580693259835,331.45389561891045,6.8543007743444715,6.374613694691247,11.668498648311127,5.666040733421408
1764585870001259800,205.762259765625,2818.9462173581123,0.9223324877420152,14.074144228957111,47.072195453860125,2768.8766258358955,2.139969758393171,7.198522778949695,6.655644519848787,11.668528476245923,4.898265408058833
1764585871001279200,206.762279296875,2818.2199097536504,0.9201150425845179,14.262190040892031,47.07222200750026,2768.1503182314336,38.86326290795485,7.111081454714524,6.520850184700528,11.668604273036145,4.979258584772432
1764585872001298000,207.7622978515625,2816.343233271502,0.9281201323925814,13.110174002758779,47.07226671365086,2766.273641749285,27.678019770916848,7.46318735581019,6.922592757137785,11.66863492106542,5.266734175373679
1764585873001317000,208.76231713867188,2815.1844155043364,0.9283333970066107,14.338248579369038,47.07231208272838,2765.1148239821196,349.4481639493753,7.180760915108889,6.713308368687449,11.668586658061,4.815416265461619
1764585874001336300,209.76233642578126,2814.910229153931,0.9079881039074408,17.926721670644703,47.07232950122639,2764.8406376317143,321.70972700445265,6.962037605352124,6.537057242916906,11.668534026863956,3.9862485526511504
1764585875001354800,210.76235473632812,2815.1126346476376,0.9060609994403954,24.993163426626865,47.07234043406513,2765.043043125421,321.1968630850317,7.233952961219854,6.751960215519814,11.66851278629257,2.912728012741545
1764585876001373200,211.76237329101562,2813.540992525406,0.9150529194250169,25.73834249634502,47.07236041015339,2763.4714010031894,25.584305779607444,7.147934238652619,6.691192227344566,11.668559658324249,2.4991250746781843
1764585877001392400,212.76239233398437,2812.381366073154,0.9203852393276358,22.185606291529314,47.07237181857054,2762.311774550937,55.94617396922363,7.270243468634394,6.821264389416862,11.668613360529996,3.0438778232935717
1764585878001411800,213.76241186523438,2811.7483343267813,0.9111251603175081,22.649390052815384,47.07237973223914,2761.6787428045645,66.36361993589638,7.358644277018111,6.809258868639584,11.66865574231805,3.0931211613954614
1764585879001430500,214.76243041992188,2810.5924659604207,0.9200292814783235,20.449989991856743,47.072385588087066,2760.522874438204,73.43688424058351,7.239787239905102,6.682445967701058,11.668704657415812,3.3756985523487866
1764585880001449200,215.76244921875,2809.413853325881,0.9263098056711513,19.731127475235056,47.072404156703655,2759.3442618036643,60.68403042469116,7.249751189981896,6.66820631871253,11.668741843508224,3.415856157593241
1764585881001468400,216.76246850585937,2807.2803017729893,0.9539593360856354,16.143200775666042,47.072454523525565,2757.2107102507725,16.06467853820515,7.285828613344826,6.71779855338252,11.66873889019644,3.9596838526358846
1764585882001487600,217.76248754882812,2806.3033431246877,0.9328142906274762,16.421530041342017,47.07249086103622,2756.233751602471,340.83534750332257,7.3905504340779355,6.885931544881371,11.668695243480192,4.0707037575613505
1764585883001507300,218.76250732421875,2805.506409481168,0.9404502204813988,17.673627988094932,47.07251915545442,2755.436817958951,336.71604728723725,7.230339604794102,6.750686125448832,11.668667556974325,3.828048226697424
1764585884001525500,219.762525390625,2804.091540773399,0.9366130775737096,19.400928354531853,47.072546902360955,2754.0219492511824,24.742053304378594,6.988002658103053,6.441984729446386,11.668714476047747,3.4074231359682083
1764585885001544000,220.7625439453125,2803.2842126982287,0.9173382505452128,18.195427934949954,47.07255531402103,2753.214621176012,60.76071759976947,6.937598354009634,6.455298428156004,11.668782137738454,3.8300764548436286
1764585886001563100,221.76256323242188,2802.6616621883586,0.9128893856430487,20.80139008119068,47.07255995198343,2752.592070666142,71.69562879042266,6.828514259518846,6.214593347764158,11.668825644311156,3.42195812355512
1764585887001581300,222.76258129882814,2802.239509408362,0.9093512767105453,30.0846548196852,47.072557174320686,2752.1699178861454,80.29839635555571,6.972508672688976,6.471848390086245,11.668848499215947,2.355784932334337
1764585888001600300,223.76260034179688,2801.56685725227,0.9358678071013486,32.36573184708538,47.072567966115336,2751.497265730053,66.39564229358356,7.1216844706114975,6.62914651889002,11.668870645935087,2.0943636967573407
1764585889001619700,224.76261962890624,2799.6419166997075,0.9421033779885893,19.254365263003297,47.07260846610236,2749.5723251774907,30.697067140198307,7.141300355356664,6.674994235473788,11.668888574885866,3.247718859622343
1764585890001638000,225.76263793945313,2796.2320295562968,0.9715190618394666,12.92165560537907,47.07266674862369,2746.16243803408,1.8283910955111846,7.087232292034259,6.508450890077514,11.66887536371189,4.682841619164148
1764585891001657600,226.76265771484375,2795.542322441004,0.9631737505033067,18.885161710743073,47.072684002082866,2745.4727309187874,329.9283742268976,7.255989519249604,6.800641504176846,11.668828342100525,3.4216115313673274
1764585892001676500,227.76267651367186,2796.312033202499,0.9164015927394488,34.64928534701453,47.07268340195154,2746.2424416802824,308.87280283454504,7.245597643590245,6.847265746330723,11.6688051237611,2.0753380891534188
1764585893001695200,228.7626953125,2796.126929467544,0.9173585824936052,37.14685309225551,47.07269683352709,2746.057337945327,317.4005278463992,7.132456295869472,6.987033830660867,11.668792355831075,1.8935564150324808
1764585894001714200,229.76271411132814,2793.6299164844677,0.9651507012537318,20.272569802856847,47.072734345456084,2743.560324962251,346.7757742640457,7.123337755495475,6.9258116366824565,11.668789874164199,2.853755253427048
1764585895001732900,230.76273291015625,2792.698293277994,0.9444033505707857,20.93577835122987,47.07275967727342,2742.628701755777,36.3463631232802,7.04877914033089,6.543940585394148,11.668843160011138,3.214241270528273
1764585896001752000,231.762751953125,2792.316133697517,0.9118770307495558,23.90454901047529,47.072764045792766,2742.2465421753004,58.64049334921183,7.106013162402208,6.617894278822852,11.668886004943598,2.92756032421651
1764585897001771500,232.762771484375,2790.805657424964,0.9464851137971203,20.57229035906,47.072786804329105,2740.736065902747,47.841724811305134,7.2342113996401824,6.69968807505897,11.66891648441197,3.2008816903998247
1764585898001789700,233.76278979492187,2788.0975814424455,0.9914904497928791,18.198686866436653,47.07282273360138,2738.0279899202287,5.265386679744811,7.214749399564092,6.748136223221698,11.668900131618566,3.137337510916971
1764585899001809000,234.76280883789062,2788.6168055944145,0.9473672941230781,23.06728908273298,47.07284538793325,2738.5472140721977,330.0656938490936,7.181959169195097,6.711909689768671,11.668858339567295,3.048928869698056
1764585900001827800,235.76282788085936,2786.7099012006074,0.9660729049099253,19.209192117216418,47.07287570029979,2736.6403096783906,346.869066840577,7.282211094869229,6.866754565011626,11.668852551464935,3.2537314809138933
1764585901001847300,236.76284741210938,2785.024320244789,0.9598918410299612,17.31452868655699,47.072906752884286,2734.9547287225723,32.21102032954752,7.271358445131084,6.771783218797522,11.668909536768915,3.7157728330773803
1764585902001866200,237.7628662109375,2784.878439650871,0.9141133251118156,19.28263246812933,47.07291327799581,2734.808848128654,59.42210782112798,7.169265930250314,6.692937506835008,11.668967908891302,3.640313921698517
1764585903001885200,238.76288525390626,2782.4985030125827,0.9599889292795961,17.78475187103633,47.07294211405314,2732.428911490366,36.92641636710475,7.141606437884449,6.613220199875631,11.668987891249822,3.4719272053666224
1764585904001903600,239.76290356445313,2781.1964306551963,0.9652336281828893,19.42076222579559,47.072975368037085,2731.1268391329795,344.92213944775,7.101992609208145,6.725221849600938,11.668944270561099,3.2689746984458345
1764585905001923000,240.76292309570312,2778.8539755959064,0.9852611644545833,16.021276596122718,47.07300396450477,2728.7843840736896,332.61679498181655,7.051492707629221,6.471145336450447,11.66890693612654,3.7703968925609863
1764585906001941800,241.76294165039062,2777.426329053007,0.9664988946216355,17.782237736806177,47.073037118766734,2727.3567375307903,19.295812615772316,6.912007669019198,6.385693813535829,11.668952987677203,3.426252839918579
1764585907001960700,242.7629606933594,2777.4876231541857,0.9219970265665076,19.906460773851915,47.07304644838116,2727.418031631969,55.60349838286211,6.835011937053094,6.34015095438646,11.669013025718632,3.5171758633262407
1764585908001979400,243.7629794921875,2775.4221695000306,0.9618105468225961,19.991863331884545,47.07307090667426,2725.352577977814,34.32775770530425,6.9555054965929966,6.402686066027522,11.669026792930563,3.053042874669494
1764585909001998300,244.76299829101563,2774.140506199561,0.9649585222376332,18.667684827582345,47.0731068498976,2724.0709146773443,336.5602025307324,6.828610438464879,6.32837794107605,11.66897529949017,3.492700936891421
1764585910002017500,245.763017578125,2773.5182575630024,0.919613617738503,18.667566291743153,47.07311784516727,2723.4486660407856,304.8571643865245,6.7298334568966665,6.303287401520525,11.668913138777768,3.708155057757262
1764585911002036500,246.76303637695312,2773.5405275831,0.9083699515057484,19.758538222208184,47.073131810569286,2723.470936060883,300.2382543952812,6.603949730804869,6.149478373546726,11.668870731295517,3.644355801135691
1764585912002054700,247.7630546875,2770.9559411741793,0.9569155693239163,18.39665704300276,47.073164056537145,2720.8863496519625,333.00121038130607,6.530816818605319,6.2323358193985925,11.66886713153639,3.2156259172441035
1764585913002073900,248.76307397460937,2769.7074225423858,0.9637137054849272,20.254492438527578,47.073189314829946,2719.637831020169,25.548110453697422,6.600637673046347,6.165792388137379,11.668916443971575,2.9454809717452766
1764585914002092800,249.7630927734375,2769.71117071528,0.9232529357873466,25.06578769913143,47.07319165169008,2719.641579193063,58.04392854444987,6.520068848518898,6.082400556558249,11.668962733651814,2.753969257246548
1764585915002112500,250.76311254882813,2767.6362210270017,0.9634120668018081,18.85803912186393,47.073223371600385,2717.566629504785,31.670555151293385,6.370327463343055,5.954202627100701,11.668980095094833,3.1783004951684224
1764585916002131500,251.76313134765624,2766.013690280728,0.9562721672561589,17.173463139008096,47.07326326162872,2715.9440987585112,346.68501892393226,6.253355061859505,5.89831329559082,11.668941780319628,3.632392930387272
1764585917002150100,252.76315014648438,2766.1225373949856,0.9326977431279483,22.981338945796466,47.07328026318881,2716.0529458727688,328.26712795606215,6.165617955856477,5.830258619255576,11.668911075805392,3.0467010262026606
1764585918002168600,253.76316845703124,2764.8724898695946,0.9405137369545299,22.991682640737857,47.07329164709349,2714.802898347378,315.1551251946218,6.14033658737459,5.867047225810638,11.668877606669533,2.937753435860587
1764585919002187800,254.76318774414062,2762.433951944113,0.979509726347968,17.82012222873591,47.0733287435894,2712.364360421896,348.70806718374433,6.045650109084857,5.733966719784644,11.668881183287896,3.2414334244086023
1764585920002207200,255.7632072753906,2761.731471436098,0.9423860591801293,19.50558476089693,47.073348924787,2711.6618799138814,40.79815248056268,5.95902494989278,5.595268648634416,11.668941731534057,3.3123784108297882
1764585921002226700,256.7632268066406,2760.333015036769,0.960429080608966,17.39921276680618,47.0733781360655,2710.2634235145524,33.799324428384566,6.0005653454049455,5.597764692797077,11.668971401606127,3.660339340956836
1764585922000364300,257.7613642578125,2759.0475166048855,0.9694515654917921,18.74770400632358,47.07341110859177,2708.9779250826687,357.7934973647824,5.946274772917107,5.549417161453825,11.668947125167982,3.4031716927588445
1764585923000353800,258.7613537597656,2758.581389311701,0.9473747683051852,20.04723357917844,47.07343380456644,2708.5117977894843,330.55136010209947,5.904198836132723,5.608224149575544,11.668905920526853,3.430064553910137
1764585924000366800,259.76136694335935,2756.0211089169607,0.9593765527539,16.244275877868834,47.073469453647675,2705.951517394744,349.45569473101034,5.775669607212287,5.545224152224102,11.668904367589755,3.6602218827252697
1764585925000349400,260.76134936523437,2754.834298069589,0.9716819571919951,22.22281133765704,47.07347978061044,2704.764706547372,35.7002467489032,5.72107682858024,5.36499796744348,11.668949545124033,2.64444965863478
1764585926000336100,261.7613361816406,2755.26638993714,0.9239142004190958,25.191840290959085,47.0734863756139,2705.1967984149233,57.72491559475167,5.667649366814835,5.349357755678267,11.66899162232168,2.739218921885436
1764585927000347600,262.76134765625,2752.426219594665,0.9656065016269555,16.153523330386285,47.07352900360283,2702.356628072448,24.176397514231628,5.633910736457009,5.331528355823633,11.66900498860891,3.6761970158069968
1764585928000332300,263.7613322753906,2750.734577929601,0.9533087313087446,16.164415516118204,47.073566495159284,2700.6649864073843,347.6737348148271,5.5711760000158055,5.328530194335925,11.668967091351488,3.8341327473117466
1764585929000311300,264.7613112792969,2751.1464743698016,0.9278996688594247,21.47088444104579,47.07358221122098,2701.076882847585,328.04231312417863,5.524018061598898,5.261833655305064,11.668931575866115,3.2804648446206626
1764585930000320000,265.7613200683594,2747.9987270664424,0.9697000270523162,18.284934250971006,47.073611372625166,2697.9291355442256,4.245370832935863,5.435547410967735,5.223022464587798,11.668951723746181,3.0658005174747673
1764585931000296700,266.76129663085936,2747.691447741352,0.9420146722784305,22.261576662089368,47.073621024652,2697.621856219135,49.611933162688224,5.314058755411223,5.026792550392321,11.669005596258561,2.9622578557402695
1764585932000276500,267.7612763671875,2746.9971951898187,0.9332504599756074,21.88143333067564,47.0736373635562,2696.927603667602,48.60654705821958,5.269807732296472,4.9773985370192095,11.669038668729277,3.042927179926554
1764585933000285400,268.76128540039065,2744.594646882266,0.980015479130126,18.783415919511437,47.073673911074025,2694.525055360049,4.417002354048645,5.270351186160661,4.911554690605312,11.669021794891794,3.176972913863446
1764585934000269000,269.76126904296876,2743.7254357980564,0.939515511644143,18.498048349866632,47.073703173684756,2693.6558442758396,339.0866386800275,5.337636348403893,5.06072120475899,11.668986997131693,3.4708771850399023
1764585935000248000,270.761248046875,2741.3007323779166,0.9888677497631381,17.583703375351917,47.07373277627756,2691.2311408557,15.800351879749849,5.27870730904797,4.9086185728362794,11.669017907771233,3.31485899814844
1764585936000255500,271.76125537109374,2741.646772273816,0.9182985610687141,21.90966534982011,47.07373752979757,2691.5771807515994,55.45367303170213,5.114772109392532,4.761903044008123,11.669072777250864,3.1775003618714113
1764585937000261400,272.7612614746094,2739.895338925533,0.9527874233666265,18.825311726092025,47.073759622607625,2689.825747403316,46.45743476434752,4.970342540880026,4.5755113131265785,11.669105563875473,3.4086634454484144
1764585938000268500,273.7612685546875,2738.9081755103543,0.9651907670917355,20.060147057628203,47.07379799550695,2688.8385839881375,1.4626452741702471,4.8443710791509025,4.473488773294047,11.669082335217425,3.293835958446319
1764585939000276500,274.7612763671875,2737.8066421560943,0.9587092999988437,19.29955324636617,47.07382092720351,2687.7370506338775,330.8048062257593,4.7562654853619195,4.432834578503865,11.669040198801133,3.451676952297465
1764585940000285200,275.76128515625,2734.8661977238953,0.9654480353500471,13.744228944352447,47.07386743769526,2684.7966062016785,349.8788553877249,4.638069208282317,4.3931790478744395,11.669033947941818,4.26065380249993
1764585941000293400,276.76129345703123,2733.500770257786,0.9698377894506566,15.441684021298837,47.07389552604552,2683.431178735569,33.08101837970581,4.546972863373508,4.230076990719586,11.669095928341596,4.098343157719648
1764585942000303900,277.7613039550781,2733.8204486053437,0.9181342217027441,22.16112232408195,47.07389178069075,2683.750857083127,64.76174020271753,4.439040608432321,4.098219361672953,11.669144608764501,3.2084016848363954
1764585943000313600,278.76131372070313,2733.773345991969,0.9211297059160347,37.246355321694516,47.07388841392409,2683.7037544697523,73.33088821435464,4.333214690707831,4.01925380301824,11.669157446809205,1.9194177615743713
1764585944000324400,279.7613244628906,2733.010007126257,0.9891970134094605,35.61336692545702,47.07389584533592,2682.94041560404,65.81024663133367,4.3134255065581195,4.088569074138315,11.66917684912746,1.8012343155635568
1764585945000334800,280.7613349609375,2732.387086781673,0.9566166244601315,32.328748541988126,47.073902466871765,2682.3174952594563,68.71837040045412,4.203155709763957,3.9666991630293853,11.66920557162622,2.0947714407317033
1764585946000347100,281.7613471679687,2732.0881697852165,0.9286560512729924,33.300722370375595,47.07390409687935,2682.0185782629997,76.72286014854475,4.0929979542137245,3.8577128312781896,11.669232152767808,2.0854717293837455
1764585947000358100,282.7613581542969,2731.51888860669,0.9331433895071148,29.40108285677097,47.07391012465719,2681.449297084473,74.0722368250061,4.145489667922533,3.8540312649570803,11.669265802080389,2.3821084990710633
1764585948000376300,283.76137622070314,2728.7441110825166,0.9780277535434182,19.24480926055992,47.073935740331926,2678.6745195603,45.381923144960766,4.135516380018403,3.8610801653668565,11.669290625011627,2.7150544574070548
1764585949000383500,284.7613835449219,2727.030216678977,0.9720515412309648,18.199218733405772,47.07397502164518,2676.96062515676,6.017364871839992,4.1617024275727506,3.862364959770898,11.669278092635999,3.1668721877838673
1764585950000395300,285.7613952636719,2725.882714192383,0.9635795940827133,19.865998447713945,47.07400050090121,2675.813122670166,345.4123201187851,4.24016589421391,4.007404893151273,11.669254650011442,3.06233770809499
1764585951000410000,286.76141015625,2725.261768285185,0.9778932248546052,25.186097041180055,47.07401467320814,2675.1921767629683,335.0264837563874,4.336021724369888,4.01785952193413,11.6692355240646,2.5134176758964495
1764585952000423000,287.7614228515625,2724.4493645867333,0.9874509321574505,25.575340964501365,47.07403239231116,2674.3797730645165,335.4110561983218,4.382163536399402,4.201845620226653,11.669221993532906,2.4126007678459866
1764585953000437000,288.7614370117187,2721.7153503913432,0.9843691012252688,18.110728615223614,47.07406719333483,2671.6457588691264,12.079534348679092,4.492027245851603,4.274243996186627,11.669246777953388,3.059913656008222
1764585954000451300,289.76145141601563,2720.855290147476,0.9583329456092788,23.1302485764209,47.07406624788153,2670.785698625259,59.159795506091506,4.493950164772187,4.167521112465383,11.669297930941253,2.6749443742837244
1764585955000466000,290.7614658203125,2720.919368329458,0.9389369129458691,25.53023652818235,47.07407324438289,2670.849776807241,66.57205749605981,4.519279441310599,4.236798626178205,11.669332998540952,2.6706700618527393
1764585956000479700,291.7614797363281,2719.2155045494437,0.9430630117509348,18.01513581315038,47.0741162075229,2669.145913027227,29.734755039198486,4.51184307936838,4.241995408288933,11.669352378854235,3.4827329434300234
1764585957000495000,292.7614951171875,2717.314304814674,0.9693055114528754,15.912273600303262,47.07415946458524,2667.244713292457,349.5415134605445,4.4808539671265315,4.186899335304254,11.669317289599876,3.9917905304164294
1764585958000510200,293.76151025390624,2715.48145182617,0.956970420556754,14.489814038672073,47.07419669257976,2665.4118603039533,339.6609983682029,4.44271524047076,4.204451907828387,11.669283802254105,4.3526389904587415
1764585959000524500,294.76152465820314,2713.9455618709326,0.9537873067671004,15.177053222278898,47.07423272448864,2663.875970348716,22.76927707683597,4.42858507183466,4.164354841288412,11.669338802410401,4.278188207664282
1764585960000540700,295.76154077148436,2714.5469452803954,0.9018150341190476,17.46102117480908,47.074245141957796,2664.4773537581787,52.16316758867501,4.356712625743649,4.113569841426664,11.669401774912762,4.112738995572582
1764585961000556500,296.761556640625,2713.475264828652,0.9267970850676344,18.115347023105343,47.074279742916616,2663.4056733064353,31.86339613544094,4.280741553057481,3.9765826101924495,11.669421490310565,3.89703730914453
1764585962000571600,297.76157153320315,2712.748304501176,0.9237145784009022,23.505767246642673,47.07430000920881,2662.678712978959,338.9684844259223,4.341782421114373,4.09863964211039,11.669373439889842,2.9284685894399245
1764585963000588500,298.76158862304686,2712.804216354154,0.9066341412217773,24.04705986297938,47.07430795503234,2662.7346248319373,309.58452713979216,4.488639976420966,4.245728191020026,11.66932721679984,2.964146226885855
1764585964000603600,299.76160375976565,2710.2571774115786,0.9602858762311806,18.916411364996275,47.07434081230535,2660.187585889362,340.6228677491401,4.556628680382824,4.342401772690916,11.669324139747124,3.1496736842937056
1764585965000619800,300.76161987304687,2708.9752755789086,0.9677453690610636,17.732962634978854,47.07437159136445,2658.905684056692,27.01103198097086,4.526835289590077,4.1919429545809574,11.669375186454694,3.5846498421114066
1764585966000636400,301.76163647460936,2708.2426008153707,0.9256642106323146,18.188640439927074,47.07438680074474,2658.173009293154,50.88361410043217,4.597975511942686,4.292895193137329,11.669430354142259,3.7461880158718746
1764585967000653300,302.7616533203125,2707.8954465398565,0.9236489355925711,21.38563136363367,47.074395779748265,2657.8258550176397,58.88430412770222,4.576749248796839,4.256847689137624,11.669468039933454,3.254772280726232
1764585968000670000,303.761669921875,2707.4350473815575,0.9153229698075,25.669417003006597,47.07440666325615,2657.3654558593407,57.15055775868871,4.589277203101661,4.2859119125393415,11.669493505991806,2.693685260756626
1764585969000686000,304.76168603515623,2706.31031816639,0.950379159889228,22.800653347060983,47.07442600054427,2656.2407266441733,47.54517365940172,4.583527268001508,4.263022306544434,11.669520909646762,2.8571337718849312
1764585970000702500,305.7617023925781,2703.878867969848,0.9825953064375618,19.088226701647944,47.074460914299266,2653.8092764476314,3.7568841445661993,4.641039769107262,4.314631109893907,11.669504668071227,2.9760889876475964
1764585971000720000,306.7617199707031,2703.2631682092324,0.9492919277001235,20.308860549028672,47.074481735949476,2653.1935766870156,323.7592649136236,4.7167359680318235,4.46587296308939,11.669454898303796,3.2081785570594503
1764585972000735700,307.76173583984377,2700.7797749741003,0.9673697945451575,15.677925332647977,47.07451582147244,2650.7101834518835,333.2941542396686,4.757633564471464,4.480973277056162,11.669430684725613,3.757771128484324
1764585973000752400,308.76175244140626,2699.2680742787197,0.9767501035577264,15.849808040215333,47.074555480915244,2649.198482756503,16.16754555518009,4.696429345201989,4.417956164870404,11.669474499108265,3.9103486770252474
1764585974000770000,309.76177001953124,2697.700618213974,0.9969581049024637,14.600534046444102,47.074587116360824,2647.631026691757,35.292946729643845,4.680224155601213,4.1970843619706155,11.669529443708305,4.549674429093335
1764585975000787200,310.761787109375,2695.286904935725,1.0020919065831793,12.634550362557384,47.07464553308946,2645.2173134135082,3.329829121563248,4.874128949464638,4.505661476690784,11.669513542711181,5.009363885564155
1764585976000804400,311.7618044433594,2694.9082481116056,0.9580734807585651,14.664473636245718,47.0746749705604,2644.838656589389,329.4614289265378,4.911545218770313,4.503924478709276,11.669450555325097,4.745313103240153
1764585977000821000,312.7618210449219,2692.381976683624,0.9774669054741604,13.59219440105679,47.074714980714354,2642.3123851614073,342.95919720577245,5.133269602203633,4.879574304171377,11.669436158848743,4.717390895134133
1764585978000839000,313.7618388671875,2691.0797602366656,0.9576555995014212,13.755698255011705,47.074748886927445,2641.010168714449,32.99559939617973,5.171994205883594,4.935421017355595,11.669511337644119,4.702308624399791
1764585979000856000,314.76185595703123,2689.333498490043,0.9680324667436732,11.715249614553276,47.07478157600127,2639.263906967826,47.63455615972775,5.26946589322226,4.8628314597502715,11.669591067191757,5.785154594420479
1764585980000873200,315.7618732910156,2686.528269861825,0.9558529208509116,11.71589321684287,47.074839149634144,2636.458678339608,12.276680934571537,5.289569291386602,5.097464499850787,11.669576555012036,5.317485906471243
1764585981000890400,316.76189038085937,2685.3604324152693,0.9624069006365314,12.077561081385753,47.07488404229049,2635.2908408930525,333.76970282306576,5.351395181290866,5.27573452251909,11.669502115803324,5.621493586593893
1764585982000907800,317.76190771484374,2682.6992564518005,0.9732475882031388,10.690774768843,47.07493704680118,2632.6296649295837,335.3798647182781,5.655963579722318,5.447809246303993,11.669458830063668,6.142733625191974
1764585983000926700,318.7619267578125,2681.2544178692624,0.9592399285894931,12.128661659563122,47.07498324841769,2631.1848263470456,16.7733106969297,5.788401929351109,5.709608405195306,11.66952266012327,5.436688506126709
1764585984000943000,319.7619431152344,2680.7465345999226,0.9323646129972454,11.834495160905492,47.0750128636783,2630.676943077706,45.725063659738396,5.530491610586063,5.244279317151412,11.66961168443502,6.038889176696121
1764585985000960500,320.76196044921875,2678.488070475869,0.9729683361273048,11.78045655345361,47.07506388668169,2628.418478953652,29.21892067782723,5.364748711734176,4.985140756248173,11.669639825779825,5.834831776611782
1764585986000978000,321.76197802734373,2677.402644695714,0.9369504356415491,12.671184794980016,47.075113550433386,2627.3330531734973,344.3243514493436,5.3878635056141775,5.268948537681699,11.669571247229381,5.510603234296825
1764585987000995600,322.76199560546877,2677.6484405705705,0.9323441138973191,12.107972836281084,47.07515901788717,2627.5788490483537,327.8301131733219,5.360375658571783,5.169386866746522,11.669503145552651,6.096971880551449
1764585988001013200,323.76201318359375,2675.6819104403257,0.925033806370522,12.26823269900276,47.07521451932077,2625.612318918109,1.6332201341543853,5.390652957814946,5.271254885259144,11.669537844461425,5.687974979244019
1764585989001031000,324.7620310058594,2675.2024516072124,0.9222469616015112,12.92854417496232,47.075242628782,2625.1328600849956,40.60898053906289,5.180689931468067,4.971504339141629,11.669622268244135,5.556325991650592
1764585990001049600,325.76204956054687,2673.936164647341,0.9145552907027766,11.347761415475235,47.07527013172137,2623.866573125124,52.85765330222286,5.0398684014628286,4.89750225964795,11.669705205881863,6.219892567846624
1764585991001067500,326.7620676269531,2671.264520853758,0.9483065188784714,11.557513044973527,47.07532785967615,2621.194929331541,23.926950210982092,5.097890841019962,4.921309137457225,11.669712338189731,5.824054455263738
1764585992001085000,327.7620849609375,2671.1238966295496,0.9333480684524705,11.540805669699226,47.07538984152436,2621.0543051073328,346.3820434360345,5.500191361351116,5.304706961195024,11.669648959720442,6.279224251565707
1764585993001102300,328.7621022949219,2668.8740899702534,0.9537208197471839,10.659510982179173,47.07545165189651,2618.8044984480366,351.3180177502306,5.828292725112628,5.617132135392441,11.669632352864157,6.6372034707228265
1764585994001119700,329.76211962890625,2667.490565488115,0.9310258041875678,11.157468617047098,47.075495026264484,2617.420973965898,28.764831911755817,5.582492751526639,5.306327975491144,11.669715313910947,6.234350749637207
1764585995001138200,330.7621381835938,2666.330243255943,0.9255419140154408,10.63929625691459,47.07552527549619,2616.2606517337263,48.743470497956295,5.373104308116136,5.049889617308533,11.669804007653035,6.632166146122813
1764585996001155000,331.7621550292969,2664.358171241358,0.9493413386104994,10.946424214057577,47.07557698239495,2614.288579719141,33.7377513292008,5.518222684637471,5.129721360425421,11.669840108436976,6.401032206852897
1764585997001173200,332.76217333984374,2662.255800034851,0.9572169134741608,11.888864839610667,47.075632151893494,2612.186208512634,356.49299429234514,5.793957651836518,5.4424135451478435,11.669792787278062,5.677376441999749
1764585998001190700,333.7621906738281,2661.727801126428,0.9587921277894343,12.142725269902146,47.075677270909665,2611.658209604211,332.66485322467764,6.571287455146779,5.968826361159062,11.669727825101019,5.9918539376695605
1764585999001209000,334.762208984375,2658.844760902226,0.9601375987293269,10.654396394169284,47.07573760025382,2608.775169380009,349.6175677134643,5.034004339267018,5.897298445933916,11.669737835678598,6.387938553746129
1764586000001227000,335.76222705078123,2656.126164021902,0.9332508631001339,9.224479348592254,47.07579874993572,2606.056572499685,22.39024093799072,5.2477142425321235,5.693775314230338,11.669791787502769,7.130027767378469
1764586001001245000,336.7622448730469,2654.945826953277,0.9302514016919251,9.442806698308011,47.07584170874018,2604.87623543106,43.20289513450335,5.943730224493068,6.148507613107733,11.669874486074603,7.33890471823513
1764586002001263000,337.76226318359375,2653.1273974888027,0.9649991520848095,10.0036974593189,47.07588483226042,2603.057805966586,47.767701064589595,5.296827633893074,7.938463379538223,11.669950808893338,7.1195107616850635
1764586003001280800,338.7622807617187,2649.9983145045117,0.9776187887321321,8.71077899569002,47.07595103944087,2599.928722982295,16.279187264854087,5.6158569385477035,7.373493938533923,11.669983511205741,7.810066415887393
1764586004001299000,339.762298828125,2647.1862215436995,0.9671069475457958,7.536570040784953,47.07603505176706,2597.1166300214827,20.462558403884675,5.858987279354947,6.948689754418304,11.67002248037124,9.273049386382107
1764586005001316600,340.76231665039063,2645.808551138267,0.9336292223970913,7.123758779831405,47.07612206705105,2595.73895961605,33.26999771523452,5.093285908784942,7.8803346012771005,11.670084657081848,10.458714825479948
1764586006001334800,341.7623347167969,2645.2831921875477,0.9153987984855493,7.224080337755714,47.07619887546318,2595.213600665331,42.7659937219767,5.5028078345653775,7.835071961839739,11.670182486289669,11.043098791268228
1764586007001352200,342.76235229492187,2646.0785793121904,0.939139038291295,7.258809211851512,47.076264647636016,2596.0089877899736,47.256285327896244,5.899883188452129,7.199992021248471,11.670293106577375,10.740149991568478
1764586009001389300,344.76238940429687,2647.2296437732875,0.9223743998282087,8.365042978754207,47.07636271482233,2597.1600522510707,55.180458647995486,4.3295713146949515,8.126224957905153,11.670518745671066,8.934483631732562
1764586010001406700,345.76240673828124,2647.1103429682553,0.9088313112918732,8.920991092987066,47.076400083747004,2597.0407514460385,55.49447845723065,4.349335955598603,7.009752998557044,11.670614791164772,8.254480685556324
1764586011001425000,346.7624248046875,2647.2910177912563,0.9071774471922345,9.557679768344439,47.0764118566395,2597.2214262690395,63.547054290771484,5.160173042272567,7.1192839355004205,11.670718381572243,7.690834004595023
1764586012001442800,347.76244287109375,2647.614791482687,0.8963792233317583,10.111681803010779,47.076438023029375,2597.54519996047,57.57908630371094,5.424691064662506,6.449418251087218,11.670806239645465,7.182863326714012
1764586013001460200,348.7624602050781,2647.695812572725,0.9046577848377885,10.862863799715626,47.076475456143214,2597.6262210505083,42.74656677246094,5.557236059456941,5.957271921185855,11.670893561485125,6.748144036540933
1764586014001478700,349.7624787597656,2647.6213792366907,0.9072246449122747,11.764316163952254,47.076517391158404,2597.551787714474,37.17572021484375,5.266921061205053,5.461416683741328,11.670944982011669,6.248752639833619
1764586015001495800,350.76249584960937,2647.5847627697513,0.9084720588859023,12.860462704265458,47.07655413376925,2597.5151712475345,37.17572021484375,5.454311267990359,5.357308725202391,11.670985770092312,5.723517251360535
1764586016001514200,351.76251416015623,2647.470682516694,0.8973474421436405,13.357035690141203,47.07658889298602,2597.4010909944773,37.17572021484375,5.209091789272485,4.9908871870667655,11.671024356386745,5.4384467188062136
1764586017001533000,352.76253295898437,2647.7060956396163,0.9059757571284787,14.237708221044885,47.07662251939951,2597.6365041173995,37.17572021484375,5.616917465649979,5.269774299187044,11.671061685170677,5.155783895141625
1764586018001550600,353.76255053710935,2647.3436437854543,0.9242941930142753,15.385584106193292,47.07665358916067,2597.2740522632375,37.17572021484375,5.549697922624092,4.917147791798485,11.671096175803692,4.865467284036721
1764586019001569000,354.7625690917969,2647.329857479781,0.9327011825687634,16.57648648088041,47.07670153125058,2597.260265957564,20.128616333007812,5.518424519170843,4.830454491551244,11.671111893042738,4.549279758780753
1764586020001587200,355.76258715820313,2646.776058337651,0.9058679197825104,15.698442233183266,47.07674104890267,2596.7064668154344,16.24495506286621,5.182333732591652,4.879248140779897,11.671127590072157,4.636042109653081
1764586021001605400,356.76260546875,2647.0059655262157,0.922593358613806,16.618338287700567,47.07678373279394,2596.936374003999,8.942194938659668,5.104684251387075,4.644930137262758,11.671134717191848,4.494309923186874
1764586022001622800,357.76262280273437,2647.4569512950256,0.9048205731813312,18.823203001305867,47.076814006575724,2597.387359772809,8.942194938659668,5.438845053967863,4.999842070543958,11.67114169010971,3.8860461769938217
1764586023001640200,358.76264013671874,2648.1613055150956,0.9493939815834681,21.77880659936403,47.07684625468635,2598.091713992879,357.35162353515625,5.38305558920851,4.684932882289814,11.671131224257307,3.456044861881014
1764586024001659000,359.7626589355469,2648.464119446464,0.9859988578271203,23.984429142136545,47.076873049103725,2598.394527924247,352.3880615234375,5.450704618041442,4.447268947789407,11.671108624691318,3.243018292405209
1764586025001677600,360.76267749023435,2648.5809707921,0.9742594053923788,25.348621461875375,47.07690078768487,2598.511379269883,352.3880615234375,5.452613407791389,4.771850066459157,11.671116723542177,3.067975544821544
1764586026001694700,361.7626948242187,2649.8974471408874,1.1048750800070772,33.321454305193704,47.07692121284869,2599.8278556186706,350.9416809082031,5.056251917379118,4.186644236205061,11.67110620248909,2.3565493475910757
1764586027001713200,362.76271313476565,2650.5373241622,1.0511380961246257,35.664221793609585,47.076927108020286,2600.4677326399833,350.9416809082031,5.341726173572764,4.647719375955821,11.67111040636237,1.938227162242024
